{
  "project_info": {
    "project_number": "938699921643",
    "project_id": "miaplicacion-7644a",
    "storage_bucket": "miaplicacion-7644a.appspot.com"
  },
  "client": [
    {
      "client_info": {
        "mobilesdk_app_id": "1:938699921643:android:20a4cd09066b13767b46ae",
        "android_client_info": {
          "package_name": "com.example.aplicacion"
        }
      },
      "oauth_client": [
        {
          "client_id": "938699921643-4qvl0crvs4roqf5s3km15pl9qnm445t9.apps.googleusercontent.com",
          "client_type": 3
        }
      ],
      "api_key": [
        {
          "current_key": "AIzaSyBmZueP_0-RoLvIHTQVbkljUOaPeOCLvV4"
        }
      ],
      "services": {
        "appinvite_service": {
          "other_platform_oauth_client": [
            {
              "client_id": "938699921643-4qvl0crvs4roqf5s3km15pl9qnm445t9.apps.googleusercontent.com",
              "client_type": 3
            }
          ]
        }
      }
    },
    {
      "client_info": {
        "mobilesdk_app_id": "1:938699921643:android:8787ccb0e2f7fbd37b46ae",
        "android_client_info": {
          "package_name": "com.example.flutter_application_1.host"
        }
      },
      "oauth_client": [
        {
          "client_id": "938699921643-4qvl0crvs4roqf5s3km15pl9qnm445t9.apps.googleusercontent.com",
          "client_type": 3
        }
      ],
      "api_key": [
        {
          "current_key": "AIzaSyBmZueP_0-RoLvIHTQVbkljUOaPeOCLvV4"
        }
      ],
      "services": {
        "appinvite_service": {
          "other_platform_oauth_client": [
            {
              "client_id": "938699921643-4qvl0crvs4roqf5s3km15pl9qnm445t9.apps.googleusercontent.com",
              "client_type": 3
            }
          ]
        }
      }
    }
  ],
  "configuration_version": "1"
}